footnote_id,text,url
fn-1,"The Public International Law and Policy Group, *The Ceasefire Drafter’s Handbook: An Introduction and Template for Negotiators, Mediators, and Stakeholders* (May 2013), [https://static1.squarespace.com/static/5900b58e1b631bffa367167e/t/5b730a224fa51ab1083c22bb/1534265892577/PILPG+Ceasefire+Drafter%27s+Handbook+%28Including%2BTemplate%2BCeasefire%2BAgreement%29-2.pdf](https://static1.squarespace.com/static/5900b58e1b631bffa367167e/t/5b730a224fa51ab1083c22bb/1534265892577/PILPG+Ceasefire+Drafter%27s+Handbook+%28Including%2BTemplate%2BCeasefire%2BAgreement%29-2.pdf).",https://static1.squarespace.com/static/5900b58e1b631bffa367167e/t/5b730a224fa51ab1083c22bb/1534265892577/PILPG+Ceasefire+Drafter%27s+Handbook+%28Including%2BTemplate%2BCeasefire%2BAgreement%29-2.pdf
fn-2,"Parties may wish to conduct a Digital Conflict Analysis to support the drafting of this Agreement which would outline the Digital elements of the conflict, their interaction with conventional operations, the technologies involved, and the actors engaged. For an example of a Cyber Conflict Analysis, see Sean Kane and Govinda Clayton, *Cyber Ceasefires: Incorporating Restraints on Offensive Cyber Operations in Agreements to Stop Armed Conflict* (Zurich: Center for Security Studies (CSS), ETH Zurich, 2021), [https://css.ethz.ch/content/dam/ethz/special-interest/gess/cis/center-for-securities-studies/pdfs/MediationResources\_CyberCeasefires.pdf](https://css.ethz.ch/content/dam/ethz/special-interest/gess/cis/center-for-securities-studies/pdfs/MediationResources_CyberCeasefires.pdf).",https://css.ethz.ch/content/dam/ethz/special-interest/gess/cis/center-for-securities-studies/pdfs/MediationResources\_CyberCeasefires.pdf
fn-3,"Please note when using these provisions that International Humanitarian Law (IHL) applies solely in situations of Armed Conflict, including both International and Non-International Armed Conflicts, and War Crimes are limited to violations committed in those contexts. By contrast, Genocide, Crimes Against Humanity, and the Crime of Aggression may occur outside Armed Conflict, including in the Grey Zone and in periods of Internal Disturbance. International Human Rights Law applies at all times. Office of the United Nations High Commissioner for Human Rights, International Legal Protection of Human Rights in Armed Conflict, 2011, 7-8, (noting that IHL “applies only in armed conflict,” while human rights law applies at all times); Rome Statute of the International Criminal Court, 17 July, 1998, 2187 U.N.T.S. 90, arts. 6–8; International Covenant on Civil and Political Rights, 16 December 1966, 999 U.N.T.S. 171\.",
fn-4,"For further detail on the incorporation of international law frameworks into agreements, see Kane and Clayton, *Cyber Ceasefires*, 38-44.",
fn-5,"Language inspired by *Terms and Conditions of the Cessation of Hostilities in Yemen*, 10 April, 2016, “Procedural Measures,” clause 5, 2, unofficial translation by Neil Russell and Robert A. Forster (University of Edinburgh), [https://www.peaceagreements.org/media/documents/ag1586\_59259d4b19f22.pdf](https://www.peaceagreements.org/media/documents/ag1586_59259d4b19f22.pdf).",https://www.peaceagreements.org/media/documents/ag1586\_59259d4b19f22.pdf
fn-6,"Human Rights Council, *The Promotion, Protection and Enjoyment of Human Rights on the Internet*, U.N. Doc. [A/HRC/20/L.13](https://docs.un.org/A/HRC/20/L.13), 2012, (adopted without a vote) (affirming that the same rights people have offline must also be protected online); Human Rights Council, *The Promotion, Protection and Enjoyment of Human Rights on the Internet*, U.N. Doc. A/HRC/RES/32/13, 18 July, 2016, (""Condemn(s) unequivocally measures to intentionally prevent or disrupt access to or dissemination of information online""). Subsequent U.N. interpretations and resolutions suggest that internet access is increasingly recognized as essential to the effective exercise of fundamental human rights.",https://docs.un.org/A/HRC/20/L.13
fn-7,"International humanitarian law applies “to all forms of warfare and to all kinds of weapons.” International Court of Justice, *Advisory Opinion on the Legality of the Threat or Use of Nuclear Weapons*, 8 July, 1996, sec. 86\.",
fn-8,"More details on Entry into Force provisions can be found in Public International Law & Policy Group, *Ceasefire Drafter’s Handbook*.",
fn-9,"The “public core” of the internet refers to the critical, foundational infrastructure that enables the global internet to function reliably and securely, including packet routing and forwarding, naming and numbering systems, cryptographic mechanisms of security and identity, and physical transmission media. See Global Commission on the Stability of Cyberspace, *Definition of the Public Core, to Which the Norm Applies*, 2018, https://cyberstability.org/public-core/; Global Commission on the Stability of Cyberspace, *The Paris Call for Trust and Security in Cyberspace*, 2018, principle 2, [https://pariscall.international/en/](https://pariscall.international/en/).",https://cyberstability.org/public-core/;
fn-10,"Language inspired by Govinda Clayton, Sean Kane, and Maude Morrison, “Including Digital Technologies in Peace Agreements,” in *Still Time to Talk: Adaptation and Innovation in Peace Mediation*, ed. Teresa Whitfield, Accord 30 (London: Conciliation Resources, 2024), 95, table 2 at 98, [https://rc-services-assets.s3.eu-west-1.amazonaws.com/s3fs-public/Accord\_30\_Still\_Time\_to\_Talk\_-\_Adaptation\_and\_innovation\_in\_peace\_mediation\_0.pdf](https://rc-services-assets.s3.eu-west-1.amazonaws.com/s3fs-public/Accord_30_Still_Time_to_Talk_-_Adaptation_and_innovation_in_peace_mediation_0.pdf).",https://rc-services-assets.s3.eu-west-1.amazonaws.com/s3fs-public/Accord\_30\_Still\_Time\_to\_Talk\_-\_Adaptation\_and\_innovation\_in\_peace\_mediation\_0.pdf
fn-11,"UN General Assembly, *International Covenant on Civil and Political Rights*, United Nations, Treaty Series, vol. 999, p. 171, 16 December 1966, [https://www.refworld.org/legal/agreements/unga/1966/17703](https://www.refworld.org/legal/agreements/unga/1966/17703).",https://www.refworld.org/legal/agreements/unga/1966/17703
fn-12,"Language inspired by Clayton, Kane, and Morrison, “Including Digital Technologies in Peace Agreements,” table 2, 98\.",
fn-13,Ibid.,
fn-14,"Agreement on the Cessation of Hostilities, Protection of Civilians and Humanitarian Access, Republic of South Sudan, 21 December, 2017, Other Prohibited Acts, 4.1. [https://pax.peaceagreements.org/media/documents/ag1966\_5b368bd3e5272.pdf](https://pax.peaceagreements.org/media/documents/ag1966_5b368bd3e5272.pdf).",https://pax.peaceagreements.org/media/documents/ag1966\_5b368bd3e5272.pdf
fn-15,"Language inspired by *Myanmar* *Code of Conduct for Political Parties and Candidates*, 2015, section 4.3.2(c) [https://www.peaceagreements.org/agreements/1518/coding/](https://www.peaceagreements.org/agreements/1518/coding/).",https://www.peaceagreements.org/agreements/1518/coding/
fn-16,"As per Clayton, Kane, and Morrison, “Including Digital Technologies in Peace Agreements,” table 2, 98\.",
fn-17,"Office of the United Nations High Commissioner for Human Rights, *Rabat Plan of Action on the Prohibition of Advocacy of National, Racial or Religious Hatred That Constitutes Incitement to Discrimination, Hostility or Violence*, U.N. Doc. A/HRC/22/17/Add.4, 11 January, 2013, 29, [https://www.ohchr.org/sites/default/files/Rabat\_draft\_outcome.pdf](https://www.ohchr.org/sites/default/files/Rabat_draft_outcome.pdf).",https://www.ohchr.org/sites/default/files/Rabat\_draft\_outcome.pdf
fn-18,"See *Samburu and Turkana Ceasefire Agreement*, Kenya, 22 June, 2015, 2 [https://www.peaceagreements.org/media/documents/ag1950\_5b36782c6382f.pdf](https://www.peaceagreements.org/media/documents/ag1950_5b36782c6382f.pdf) (calling for the prosecution of individuals who engage in hate speech or disseminate false information that incites ethnic hostility and emphasizing that “ELITES” must immediately cease spreading such content on social media); *Grassroots Agreement to Promote National Dialogue in Yei River State and South Sudan*, Uganda, 30 April, 2017, 4, [https://www.peaceagreements.org/media/documents/ag2071\_5ca7554c7903a.pdf](https://www.peaceagreements.org/media/documents/ag2071_5ca7554c7903a.pdf). For additional comprehensive language see *Monitoring of social media provisions in peace agreements*, Brief by HD, Build Up, and UNDPPA, 2024, [https://hdcentre.org/insights/monitoring-of-social-media-provisions-in-peace-agreements-brief-by-hd-build-up-and-un-dppa/](https://hdcentre.org/insights/monitoring-of-social-media-provisions-in-peace-agreements-brief-by-hd-build-up-and-un-dppa/).",https://www.peaceagreements.org/media/documents/ag1950\_5b36782c6382f.pdf
fn-19,"Two early examples of Distributed Denial of Service Attacks include Estonia (2007) and Georgia (2008). Pamment, James, et al., *Hybrid Threats: 2007 Cyber Attacks on Estonia* (Riga: NATO Strategic Communications Centre of Excellence), 2019, [https://stratcomcoe.org/cuploads/pfiles/cyber\_attacks\_estonia.pdf\#:\~:text=In%20April%20and%20May%202007%2C%20Estonia%20became,by%20a%20Distributed%20Denial%20of%20Service%20(DDoS)](https://stratcomcoe.org/cuploads/pfiles/cyber_attacks_estonia.pdf#:~:text=In%20April%20and%20May%202007%2C%20Estonia%20became,by%20a%20Distributed%20Denial%20of%20Service%20\(DDoS\)); Vladimir Socor, “The Cyber Dimension of Russia’s Attack on Georgia,” Jamestown Foundation, 12 August, 2008, [https://jamestown.org/the-cyber-dimension-of-russias-attack-on-georgia/](https://jamestown.org/the-cyber-dimension-of-russias-attack-on-georgia/).","https://stratcomcoe.org/cuploads/pfiles/cyber\_attacks\_estonia.pdf\#:\~:text=In%20April%20and%20May%202007%2C%20Estonia%20became,by%20a%20Distributed%20Denial%20of%20Service%20(DDoS"
fn-20,"Language inspired by *Terms and Conditions of the Cessation of Hostilities in Yemen*, 2016, “Procedural Measures,” clause 6, 3.; *Agreement [Ceasefire between Tripoli and Tarhounah],* Libya, September 21, 2018, 1, point 3, [https://pax.peaceagreements.org/media/documents/ag2216\_5cf6e2a0c6f58.pdf](https://pax.peaceagreements.org/media/documents/ag2216_5cf6e2a0c6f58.pdf).",https://pax.peaceagreements.org/media/documents/ag2216\_5cf6e2a0c6f58.pdf
fn-21,"Language inspired by Telecommunications Technical Dialogue Agreement Kosovo, Serbia, Yugoslavia (former), [https://www.peaceagreements.org/media/documents/ag2024\_5bdc33bf51a9e.pdf](https://www.peaceagreements.org/media/documents/ag2024_5bdc33bf51a9e.pdf).",https://www.peaceagreements.org/media/documents/ag2024\_5bdc33bf51a9e.pdf
fn-22,"See e.g., *Agreement Between The National Government and The Popular Liberation Army,* Colombia, 15 February 1991, [https://www.peaceagreements.org/media/documents/ag1093\_5792337e84b76.pdf](https://www.peaceagreements.org/media/documents/ag1093_5792337e84b76.pdf).",https://www.peaceagreements.org/media/documents/ag1093\_5792337e84b76.pdf
fn-23,"See e.g., *Ceasefire Agreement (Bicesse Accords)*, Angola, 31 May 1991, [https://www.peaceagreements.org/media/documents/ag1316\_592d9729af74f.pdf](https://www.peaceagreements.org/media/documents/ag1316_592d9729af74f.pdf).",https://www.peaceagreements.org/media/documents/ag1316\_592d9729af74f.pdf
fn-24,"See e.g., *Peace Agreement Between The Government Of Sierra Leone and The Revolutionary United Front Of Sierra Leone*, 7 July 1999, [https://www.peaceagreements.org/media/documents/ag478\_55d493ee828e7.pdf](https://www.peaceagreements.org/media/documents/ag478_55d493ee828e7.pdf).",https://www.peaceagreements.org/media/documents/ag478\_55d493ee828e7.pdf
fn-25,"Precedents for voluntary forms of Digital information sharing between States are contained in the 2015 UN GGE norms and the OSCE’s 16 ICT Confidence Building Measures. United Nations General Assembly, *Group of Governmental Experts on Developments in the Field of Information and Telecommunications in the Context of International Security: Note by the Secretary-General*, U.N. Doc. A/70/174, 22 July 2015, [https://digitallibrary.un.org/record/799853?ln=en\&v=pdf](https://digitallibrary.un.org/record/799853?ln=en&v=pdf); Permanent Council of the Organisation for Security and Cooperation in Europe, *OSCE confidence-building measures (CBMs) to reduce the risks of conflict stemming from the use of information and communication technologies (ICTs),* Decision No. 1202, 10 March 2016, [https://www.osce.org/pc/227281](https://www.osce.org/pc/227281).",https://digitallibrary.un.org/record/799853?ln=en\&v=pdf
fn-26,"For example, the Minsk Group (Nagorno-Karabakh Conflict) monitored ceasefire agreements between Armenia and Azerbaijan and saw early success in the 1990s and early 2000s, but was ultimately dissolved in 2025 amid tensions between its co-chairs (Russia, the United States, and France).",
fn-27,"For example, the United Nations Mission in South Sudan (UNMISS) monitored and verified ceasefires through the Ceasefire and Transitional Security Arrangements Monitoring and Verification Mechanism (CTSAMVM).",
fn-28,"For example, the OSCE Special Monitoring Mission to Ukraine (SMM) reported on ceasefire violations in Ukraine from 2014-2022.",
fn-29,"Language inspired by the *Lusaka Agreement*, Democratic Republic of the Congo, 10 July 1999, S/1999/815, 12, annex A, chap. 1, cl. 1.1, [https://peacemaker.un.org/en/node/9615](https://peacemaker.un.org/en/node/9615).",https://peacemaker.un.org/en/node/9615
fn-30,"Language inspired by *The Nuba Mountains Cease-Fire Agreement,* Sudan, 19 January 2002, art. III(9), [https://peacemaker.un.org/sites/default/files/document/files/2024/05/sd020119nuba20mountains20cease20fire20agreement.pdf](https://peacemaker.un.org/sites/default/files/document/files/2024/05/sd020119nuba20mountains20cease20fire20agreement.pdf).",https://peacemaker.un.org/sites/default/files/document/files/2024/05/sd020119nuba20mountains20cease20fire20agreement.pdf
fn-31,"*Geneva Convention (I) for the Amelioration of the Condition of the Wounded and Sick in Armed Forces in the Field*, August 12, 1949, 75 U.N.T.S. 31, art. 2 (“Application of the Convention”, [https://ihl-databases.icrc.org/en/ihl-treaties/gci-1949/article-2](https://ihl-databases.icrc.org/en/ihl-treaties/gci-1949/article-2); [https://casebook.icrc.org/a\_to\_z/glossary/international-armed-conflict\#:\~:text=GENERAL%20DISCLAIMER,;%20Non%2Dinternational%20armed%20conflict](https://casebook.icrc.org/a_to_z/glossary/international-armed-conflict#:~:text=GENERAL%20DISCLAIMER,;%20Non%2Dinternational%20armed%20conflict).",https://ihl-databases.icrc.org/en/ihl-treaties/gci-1949/article-2
fn-32,"*Geneva Convention (I)*, art. 3 (“Conflicts not of an international character”) [https://ihl-databases.icrc.org/en/ihl-treaties/gci-1949/article-3](https://ihl-databases.icrc.org/en/ihl-treaties/gci-1949/article-3). https://casebook.icrc.org/a\_to\_z/glossary/non-international-armed-conflict\#:\~:text=Under%20Article%203%20common%20to,they%20possess%20organized%20armed%20forces.",https://ihl-databases.icrc.org/en/ihl-treaties/gci-1949/article-3
fn-33,"*Protocol Additional to the Geneva Conventions of 12 August 1949, and Relating to the Protection of Victims of International Armed Conflicts (Protocol I)*, June 8, 1977, 1125 U.N.T.S. 3, art. 52(1). [https://ihl-databases.icrc.org/en/ihl-treaties/api-1977/article-52](https://ihl-databases.icrc.org/en/ihl-treaties/api-1977/article-52).",https://ihl-databases.icrc.org/en/ihl-treaties/api-1977/article-52
fn-34,"Françoise Bouchet-Saulnier, *The Practical Guide to Humanitarian Law* (Geneva: Médecins Sans Frontières, 2013), “Protected Objects and Property,” [https://guide-humanitarian-law.org/content/article/3/protected-objects-and-property/\#:\~:text=Rule%209%20of%20the%20customary,and%20non%2Dinternational%20armed%20conflicts](https://guide-humanitarian-law.org/content/article/3/protected-objects-and-property/#:~:text=Rule%209%20of%20the%20customary,and%20non%2Dinternational%20armed%20conflicts).","https://guide-humanitarian-law.org/content/article/3/protected-objects-and-property/\#:\~:text=Rule%209%20of%20the%20customary,and%20non%2Dinternational%20armed%20conflicts"
fn-35,"For further guidance on attacks on internet infrastructure, see ICRC, *Cyber Operations During Armed Conflict: The Principle of Distinction,* 2023, [https://www.icrc.org/sites/default/files/wysiwyg/war-and-law/03\_distinction-0.pdf](https://www.icrc.org/sites/default/files/wysiwyg/war-and-law/03_distinction-0.pdf).",https://www.icrc.org/sites/default/files/wysiwyg/war-and-law/03\_distinction-0.pdf
fn-36,"ICRC *International Humanitarian Law and the Challenges of Contemporary Armed Conflicts,* 30 September, 2024, 58, [https://www.icrc.org/en/publication/international-humanitarian-law-and-challenges-contemporary-armed-conflicts-building](https://www.icrc.org/en/publication/international-humanitarian-law-and-challenges-contemporary-armed-conflicts-building).",https://www.icrc.org/en/publication/international-humanitarian-law-and-challenges-contemporary-armed-conflicts-building
fn-37,"United Nations General Assembly, *Report of the Group of Governmental Experts on Advancing Responsible State Behaviour in Cyberspace in the Context of International Security,* U.N. Doc. A/76/135 (July 14, 2021), 18, ¶ 74, [https://dig.watch/wp-content/uploads/2022/08/UN-GGE-Report-2021.pdf](https://dig.watch/wp-content/uploads/2022/08/UN-GGE-Report-2021.pdf). In the context of Digital conflict, CBMs may help promote a peaceful ICT environment by facilitating communication and coordination between the Parties, thereby reducing the risk of miscalculation or escalation during or in connection with Cyber Operations.",https://dig.watch/wp-content/uploads/2022/08/UN-GGE-Report-2021.pdf
fn-38,"Language drawn from Michael N. Schmitt, ed., *Tallinn Manual 2.0 on the International Law Applicable to Cyber Operations* (Cambridge University Press, 2017), Rule 92, [https://ilmc.univie.ac.at/fileadmin/user\_upload/p\_ilmc/Bilder/Bewerbung/Case\_2/Michael\_N.\_Schmitt\_-\_Tallinn\_Manual\_2.0\_on\_the\_International\_Law\_Applicable\_to\_Cyber\_Operations-Cambridge\_University\_Press\_\_2017\_.pdf](https://ilmc.univie.ac.at/fileadmin/user_upload/p_ilmc/Bilder/Bewerbung/Case_2/Michael_N._Schmitt_-_Tallinn_Manual_2.0_on_the_International_Law_Applicable_to_Cyber_Operations-Cambridge_University_Press__2017_.pdf); and ICRC, *International Humanitarian Law and Cyber Operations during Armed Conflicts* (November 2019), [https://www.icrc.org/en/document/international-humanitarian-law-and-cyber-operations-during-armed-conflicts](https://www.icrc.org/en/document/international-humanitarian-law-and-cyber-operations-during-armed-conflicts).",https://ilmc.univie.ac.at/fileadmin/user\_upload/p\_ilmc/Bilder/Bewerbung/Case\_2/Michael\_N.\_Schmitt\_-\_Tallinn\_Manual\_2.0\_on\_the\_International\_Law\_Applicable\_to\_Cyber\_Operations-Cambridge\_University\_Press\_\_2017\_.pdf
fn-39,"Indirect or reverberating effects may qualify a Cyber Operation as an “attack,” including where a Cyber Operation against an electricity network disables hospital power and results in the death of intensive care patients. ICRC, *International Humanitarian Law and Cyber Operations during Armed Conflicts*, November 2019, 7, [https://www.icrc.org/sites/default/files/document/file\_list/icrc\_ihl-and-cyber-operations-during-armed-conflicts.pdf](https://www.icrc.org/sites/default/files/document/file_list/icrc_ihl-and-cyber-operations-during-armed-conflicts.pdf); see *Attack (International Humanitarian Law)*, Cyber Law Toolkit, 27 February 2025, [https://cyberlaw.ccdcoe.org/wiki/Attack\_(international\_humanitarian\_law)](https://cyberlaw.ccdcoe.org/wiki/Attack_\(international_humanitarian_law\)).",https://www.icrc.org/sites/default/files/document/file\_list/icrc\_ihl-and-cyber-operations-during-armed-conflicts.pdf
fn-40,"See ICRC, *International Humanitarian Law and Cyber Operations during Armed Conflicts*, 7-8.",
fn-41,"While Cyber Operations aimed solely at obtaining unauthorized access to information do not, in themselves, constitute “attacks,” they may qualify as such where they can reasonably be expected to cause, directly or indirectly, damage, destruction, or injury or death. See ICRC, *Eight Rules for ‘Civilian Hackers’ during War, and Four Obligations for States to Restrain Them*, Rule 1\.",
fn-42,"See Schmitt, ed., *Tallinn Manual 2.0*, 416, Rule 92(6) (“Whenever an attack on data foreseeably results in the injury or death of individuals or damage or destruction of physical objects, those individuals or objects constitute the ‘object of attack’ and the operation therefore qualifies as an attack.”).",
fn-43,"States do not agree on a universal definition of Cyber Attack. Many adopt an effects-based approach, under which a Cyber Operation qualifies as an “attack” when it can be reasonably expected to cause injury or death to persons or damage or destruction to objects. See ICRC, *International Humanitarian Law and the Challenges of Contemporary Armed Conflicts*, 41–42; Schmitt, ed., *Tallinn Manual 2.0*, Rule 92; see also Cyber Law Toolkit, *Attack (International Humanitarian Law)*. However, significant disagreement persists regarding the scope of “damage” required for an operation to qualify as an attack. Some States adopt a narrow interpretation limited to physical damage, while others recognize that Cyber Operations disabling the functionality of a system may constitute attacks even absent physical destruction. See Cyber Law Toolkit, *Attack (International Humanitarian Law).* The ICRC likewise interprets “attack” to include operations that disable computer systems or networks, regardless of whether the effects are kinetic or cyber. See ICRC, *International Humanitarian Law and Cyber Operations during Armed Conflicts.*",
fn-44,"Language inspired by the Schmitt, ed., *Tallinn Manual 2.0*; and National Institute of Standards and Technology, *CSRC Glossary*, s.v. “cyberspace,” accessed 8 April, 2026, [https://csrc.nist.gov/glossary/term/cyberspace](https://csrc.nist.gov/glossary/term/cyberspace).",https://csrc.nist.gov/glossary/term/cyberspace
fn-45,"Language drawn from Cybersecurity Tech Accord, *Principles Limiting the Use of Cyber Mercenaries*, principal co-authors Cisco, Meta, and Microsoft, 2023, https://cybertechaccord.org/uploads/prod/2023/03/Cyber-mercenary-principles\_Tech-Accord\_032723\_FINAL.pdf.",https://cybertechaccord.org/uploads/prod/2023/03/Cyber-mercenary-principles\_Tech-Accord\_032723\_FINAL.pdf.
fn-46,"Derived from National Institute of Standards and Technology (NIST), “Digital,” *NIST Computer Security Resource Center Glossary*, [https://csrc.nist.gov/glossary/term/digital](https://csrc.nist.gov/glossary/term/digital); NIST, “Information and Communications Technology (ICT),” *NIST Computer Security Resource Center Glossary*, [https://csrc.nist.gov/glossary/term/information\_and\_communications\_technology](https://csrc.nist.gov/glossary/term/information_and_communications_technology); NIST, “Cyberspace,” *NIST Computer Security Resource Center Glossary*, [https://csrc.nist.gov/glossary/term/cyberspace](https://csrc.nist.gov/glossary/term/cyberspace); UNESCO Institute for Statistics, “Digital Signal,” [https://uis.unesco.org/en/glossary-term/digital-signal](https://uis.unesco.org/en/glossary-term/digital-signal); UNESCO Institute for Statistics, “Information and Communication Technologies (ICT),” [https://uis.unesco.org/en/glossary-term/information-and-communication-technologies-ict](https://uis.unesco.org/en/glossary-term/information-and-communication-technologies-ict).",https://csrc.nist.gov/glossary/term/digital
fn-47,"See European Strategy Forum on Research Infrastructures (ESFRI), ""Data, Computing and Digital Research Infrastructures,"" in *ESFRI Roadmap 2021*, Part 2: Landscape Analysis, Section 1: Thematic Areas. European Commission, 2021\. [https://roadmap2021.esfri.eu/landscape-analysis/section-1/data-computing-and-digital-research-infrastructures/](https://roadmap2021.esfri.eu/landscape-analysis/section-1/data-computing-and-digital-research-infrastructures/).",https://roadmap2021.esfri.eu/landscape-analysis/section-1/data-computing-and-digital-research-infrastructures/
fn-48,"There is no universally accepted definition of the term “disinformation.” The UN Secretary General, drawing on earlier definitions from the International Telecommunications Union (ITU) and UNESCO, defines Disinformation as “false information that is disseminated intentionally to cause serious social harm.” See U.N. Secretary-General, *Countering Disinformation for the Promotion and Protection of Human Rights and Fundamental Freedoms*, U.N. Doc. A/77/287 (Aug. 12, 2022), 2, ¶ 3, https://docs.un.org/en/A/77/287. Similarly, the ICRC defined Disinformation as “[i]ntentionally false information that is fabricated and/or disseminated with malicious intent.” See ICRC, *Harmful Information: Misinformation, Disinformation and Hate Speech in Armed Conflict and Other Situations of Violence*, 2021, [https://www.icrc.org/en/publication/4556-harmful-information-misinformation-disinformation-and-hate-speech-armed-conflict](https://www.icrc.org/en/publication/4556-harmful-information-misinformation-disinformation-and-hate-speech-armed-conflict).",https://docs.un.org/en/A/77/287.
fn-49,"See European Commission, *Tackling Online Disinformation: A European Approach,* COM/2018/236 final, [https://eur-lex.europa.eu/legal-content/EN/TXT/?uri=celex:52018DC0236](https://eur-lex.europa.eu/legal-content/EN/TXT/?uri=celex:52018DC0236).",https://eur-lex.europa.eu/legal-content/EN/TXT/?uri=celex:52018DC0236
fn-50,"See U.N. Secretary-General, *Countering Disinformation*, A/77/287, 2, ¶ 4\.",
fn-51,"Harmful information can involve a mix of both Misinformation and Disinformation. See ICRC, *Addressing Harmful Information in Conflict Settings,* 30 January, 2025, 9\.",
fn-52,"Stovall, J., Wolter, T. ""doxing."" *Encyclopedia Britannica*, 5 March, 2025\. https://www.britannica.com/topic/doxing.",https://www.britannica.com/topic/doxing.
fn-53,"See Civilian Objects above; ICRC, *Eight Rules for ‘Civilian Hackers’ during War, and Four Obligations for States to Restrain Them*.",
fn-54,"Protocol Additional to the Geneva Conventions of 12 August 1949 (Protocol I), arts. 52(2) and 52(3)",
fn-55,"The term ""Grey Zone"" is drawn from a well-established body of strategic and legal literature describing the space between routine statecraft and open Armed Conflict. See Hal Brands, ""Paradoxes of the Gray Zone,"" Foreign Policy Research Institute, 5 February 2016 (defining grey zone conflict as ""activity that is coercive and aggressive in nature, but that is deliberately designed to remain below the threshold of conventional military conflict and open interstate war""); Lyle J. Morris, Michael J. Mazarr, Jeffrey W. Hornung, Stephanie Pezard, Anika Binnendijk, and Marta Kepe, *Gaining Competitive Advantage in the Gray Zone: Response Options for Coercive Aggression Below the Threshold of Major War* (Santa Monica, CA: RAND Corporation, 2019), 8 (describing the grey zone as ""an operational space between peace and war, involving coercive actions to change the status quo below a threshold that, in most cases, would prompt a conventional military response"").",
fn-56,"International humanitarian law applies only once the threshold of an Armed Conflict has been met, as defined under the Geneva Conventions and their Additional Protocols; it does not apply merely because activities are hostile, coercive, or destabilizing. *See* Lieber Institute West Point, ""Hybrid Threats and Grey Zone Conflict Symposium – Challenges in the Twilight of International Law,"" November 2024 (explaining that where hostile actors keep activities below the threshold of ""protracted armed violence,"" as per *Prosecutor v. Tadić*, ICTY App. Ch., 15 July 1999, ""the defending State will have no choice but to limit itself to law enforcement action to which various restrictions apply under international human rights law""); *see also* Centre for International Governance Innovation, ""International Humanitarian Law in the 'Grey Zone' of Space and Cyber"" (noting that IHL limits on targeting are often invoked in grey zone situations precisely to prevent escalation into Armed Conflict).",
fn-57,"United Nations, *UN Strategy and Plan of Action on Hate Speech,* 2019, 2, [https://digitallibrary.un.org/record/3889290?ln=en\&v=pdf](https://digitallibrary.un.org/record/3889290?ln=en&v=pdf); see ARTICLE 19, *“‘Hate Speech’ Explained: A Toolkit,”* 2015, [https://www.article19.org/data/files/medialibrary/38231/'Hate-Speech'-Explained---A-Toolkit-%282015-Edition%29.pdf](https://www.article19.org/data/files/medialibrary/38231/'Hate-Speech'-Explained---A-Toolkit-%282015-Edition%29.pdf).",https://digitallibrary.un.org/record/3889290?ln=en\&v=pdf
fn-58,"For a comprehensive threshold test for assessing when hateful expression rises to the level of incitement, see OHCHR, *Rabat Plan of Action*, A/HRC/22/17/Add.4, 2013, 11, ¶ 29\.",
fn-59,"See OECD (2025), *OECD definitions of the ICT sector, the Content and Media sector, and Information Industries based on ISIC Rev. 5*, OECD Publishing, Paris, [https://doi.org/10.1787/b9576889-en](https://doi.org/10.1787/b9576889-en).",https://doi.org/10.1787/b9576889-en
fn-60,"Definition derived from the concept of “harmful information.” *See* ICRC, ""Why Is the ICRC Concerned by 'Harmful Information' in War?"" ICRC Humanitarian Law & Policy Blog, 10 September, 2024, [https://blogs.icrc.org/law-and-policy/2024/09/10/why-is-the-icrc-concerned-by-harmful-information-in-war/](https://blogs.icrc.org/law-and-policy/2024/09/10/why-is-the-icrc-concerned-by-harmful-information-in-war/); Bailey Ulbricht and Joelle Rizk, ""How Harmful Information on Social Media Impacts People Affected by Armed Conflict: A Typology of Harms,"" *International Review of the Red Cross* 106, no. 926 (August 2024): 823–862. *See also* UN General Assembly, *Report of the Special Rapporteur on the Promotion and Protection of the Right to Freedom of Opinion and Expression* (Irene Khan), A/77/288, 12 August 2022, [https://www.ohchr.org/en/documents/thematic-reports/a77288-disinformation-and-freedom-opinion-and-expression-during-armed](https://www.ohchr.org/en/documents/thematic-reports/a77288-disinformation-and-freedom-opinion-and-expression-during-armed).",https://blogs.icrc.org/law-and-policy/2024/09/10/why-is-the-icrc-concerned-by-harmful-information-in-war/
fn-61,"ICRC Database, Treaties, States Parties and Commentaries, *Protocol Additional to the Geneva Conventions of 12 August 1949, and relating to the Protection of Victims of Non-International Armed Conflicts (Protocol II)*, 8 June 1977, Article 1(2), [https://ihl-databases.icrc.org/en/ihl-treaties/apii-1977/article-1?activeTab=](https://ihl-databases.icrc.org/en/ihl-treaties/apii-1977/article-1?activeTab=); ICRC, “Internal Disturbances and Tensions,” in *How Does Law Protect in War? Online Casebook*, accessed April 28, 2026, [https://casebook.icrc.org/a\_to\_z/glossary/internal-disturbances-and-tensions](https://casebook.icrc.org/a_to_z/glossary/internal-disturbances-and-tensions).",https://ihl-databases.icrc.org/en/ihl-treaties/apii-1977/article-1?activeTab=
fn-62,"Definition derived from the UN Special Rapporteur on the Rights to Freedom of Peaceful Assembly and of Association's working definition of Internet Shutdowns. *See* UN Human Rights Council, *Ending Internet Shutdowns: A Path Forward—Report of the Special Rapporteur on the Rights to Freedom of Peaceful Assembly and of Association*, A/HRC/47/24/Add.2, 15 June 2021, para. 7 (defining internet shutdowns as ""the intentional disruption of internet or electronic communications, rendering them inaccessible or effectively unusable, for a specific population or within a location, often to exert control over the flow of information"").",
fn-63,"Definition derived from the \#KeepItOn coalition by Access Now and reflected in multiple international reports and agreements. See Human Rights Council, *Internet Shutdowns: Trends, Causes, Legal Implications and Impacts on a Range of Human Rights*, U.N. Doc. A/HRC/50/55, May 2022, [https://docs.un.org/en/a/hrc/50/55](https://docs.un.org/en/a/hrc/50/55); UNHCR, *The Promotion, Protection and Enjoyment of Human Rights on the Internet*, U.N. Doc. A/HRC/32/L.20, 2016, [https://documents.un.org/doc/undoc/ltd/g16/131/89/pdf/g1613189.pdf](https://documents.un.org/doc/undoc/ltd/g16/131/89/pdf/g1613189.pdf); G7 Digital and Technology Ministers, *Ministerial Declaration*, 30 April, 2023, [https://www.digital.go.jp/assets/contents/node/information/field\_ref\_resources/efdaf817-4962-442d-8b5d-9fa1215cb56a/f65a20b6/20230430\_news\_g7\_results\_00.pdf](https://www.digital.go.jp/assets/contents/node/information/field_ref_resources/efdaf817-4962-442d-8b5d-9fa1215cb56a/f65a20b6/20230430_news_g7_results_00.pdf). Examples of Internet Shutdowns include Syria, Myanmar, Ethiopia, Yemen, and Libya. Access Now, KeepItOn Data, accessed 23 April, 2026, [https://public.tableau.com/views/STOP\_v2/Dashboard1?:language=en-US&:embed=y&:sid=&:redirect=auth&:embed\_code\_version=3&:loadOrderID=0&:display\_count=y&:origin=viz\_share\_link](https://public.tableau.com/views/STOP_v2/Dashboard1?:language=en-US&:embed=y&:sid=&:redirect=auth&:embed_code_version=3&:loadOrderID=0&:display_count=y&:origin=viz_share_link).",https://docs.un.org/en/a/hrc/50/55
fn-64,"Adapted from National Institute of Standards and Technology, *CSRC Glossary*, s.v. “malware,” accessed April 13, 2026, [https://csrc.nist.gov/glossary/term/malware](https://csrc.nist.gov/glossary/term/malware).",https://csrc.nist.gov/glossary/term/malware
fn-65,"Adapted from *Protocol Additional to the Geneva Conventions of 12 August 1949, and Relating to the Protection of Victims of International Armed Conflicts (Protocol I)*, 8 June 1977, 1125 U.N.T.S. 3, art. 52, [https://ihl-databases.icrc.org/en/ihl-treaties/api-1977/article-52](https://ihl-databases.icrc.org/en/ihl-treaties/api-1977/article-52).",https://ihl-databases.icrc.org/en/ihl-treaties/api-1977/article-52
fn-66,"See Claire Wardle and Hossein Derakhshan, *Information Disorder: Toward an Interdisciplinary Framework for Research and Policy Making*, Council of Europe, 2017, 20 [https://edoc.coe.int/en/media/7495-information-disorder-toward-an-interdisciplinary-framework-for-research-and-policy-making.html](https://edoc.coe.int/en/media/7495-information-disorder-toward-an-interdisciplinary-framework-for-research-and-policy-making.html).",https://edoc.coe.int/en/media/7495-information-disorder-toward-an-interdisciplinary-framework-for-research-and-policy-making.html
fn-67,"OHCHR, *Rabat Plan of Action; International Covenant on Civil and Political Rights,* art. 20(2).",
fn-68,"Schmitt, ed., *Tallinn Manual 2.0.*",
fn-69,"See ICRC, *International Humanitarian Law and the Challenges of Contemporary Armed Conflicts,* 30 September, 2024, 67, [https://www.icrc.org/en/publication/international-humanitarian-law-and-challenges-contemporary-armed-conflicts-building](https://www.icrc.org/en/publication/international-humanitarian-law-and-challenges-contemporary-armed-conflicts-building) (describing proxy warfare as armed hostilities involving states or non-state actors supported, directly or indirectly, politically, materially, financially, militarily, or otherwise, by other actors to advance their strategic interests).",https://www.icrc.org/en/publication/international-humanitarian-law-and-challenges-contemporary-armed-conflicts-building
fn-70,"See International Court of Justice, *Military and Paramilitary Activities in and against Nicaragua (Nicaragua v. United States)*, Judgment, June 27, 1986, I.C.J. Reports 1986, 54, ¶ 115; ICJ, *Application of the Convention on the Prevention and Punishment of the Crime of Genocide (Bosnia and Herzegovina v. Serbia and Montenegro)*, Judgment, February 26, 2007, I.C.J. Reports 2007, 43, ¶¶ 398–406 (holding that the acts of non-state actors may be attributed to a state where the state exercises sufficient control over their conduct, and reaffirming the “effective control” test).",
fn-71,"See Global Commission on the Stability of Cyberspace, *Definition of the Public Core, to Which the Norm Applies*, 2018, https://cyberstability.org/public-core/; Global Commission on the Stability of Cyberspace, *The Paris Call for Trust and Security in Cyberspace*, 2018, principle 2, [https://pariscall.international/en/](https://pariscall.international/en/).",https://cyberstability.org/public-core/;
fn-72,"OHCHR, *The Right to Privacy in the Digital Age,* U.N. Doc. A/HRC/27/37, 30 June 2014, and subsequent reports; National Institute of Standards and Technology, Glossary of Key Information Security Terms, NIST Interagency Report 7298, rev. 3, 2019, [https://doi.org/10.6028/NIST.IR.7298r3](https://doi.org/10.6028/NIST.IR.7298r3).",https://doi.org/10.6028/NIST.IR.7298r3
fn-73,"International Law Commission, *Articles on Responsibility of States for Internationally Wrongful Acts,* 2001, arts. 16–18; Geneva Convention (I), 12 August 1949, 75 U.N.T.S. 31, common art. 1\.",
fn-74,"Office of the United Nations High Commissioner for Human Rights, *International Legal Protection of Human Rights in Armed Conflict*, 2011, 7-8, (noting that IHL “applies only in armed conflict,” while human rights law applies at all times).",
fn-75,"Rome Statute of the International Criminal Court, 17 July, 1998, 2187 U.N.T.S. 90, arts. 6–8 (war crimes must be committed in the context of and associated with an Armed Conflict).",
fn-76,"Rome Statute, arts. 6–7 (genocide and crimes against humanity contain no armed conflict requirement). See also Convention on the Prevention and Punishment of the Crime of Genocide, 9 December 1948, 78 U.N.T.S. 277\.",
fn-77,"Rome Statute, art. 8 bis (as amended by the Kampala amendments, RC/Res.6, 11 June 2010), requires a manifest violation of the UN Charter but does not require an Armed Conflict as a precondition.",
fn-78,"International Covenant on Civil and Political Rights, 16 December 1966, 999 U.N.T.S. 171\.",
fn-79,"Human Rights Council, U.N. Doc. A/HRC/20/L.13 (29 June 2012\) (affirming that the same rights held offline must be protected online); Human Rights Council, U.N. Doc. A/HRC/32/L.20 (27 June 2016\) (condemning measures to intentionally prevent or disrupt online access to information).",
fn-80,"The ICJ confirmed that Articles 2(4) and 51 ""do not refer to specific weapons"" and ""apply to any use of force, regardless of the weapons employed."" *Legality of the Threat or Use of Nuclear Weapons*, Advisory Opinion, July 8, 1996, *I.C.J. Reports* 1996, 226, 244, ¶ 39, [https://www.icj-cij.org/case/95/advisory-opinions](https://www.icj-cij.org/case/95/advisory-opinions). This weapon-agnostic principle thus confirms that Digital acts may constitute uses of force. The UN General Assembly has affirmed that international law, including the UN Charter, applies to States' use of ICTs. U.N. Doc. A/RES/68/243, 27 December 2013\. The 2021 GGE further recognized that ICTs may be employed in a manner that constitutes a threat or use of force. U.N. Doc. A/76/135, 14 July 2021\. Whether *particular* Digital acts cross the threshold, however, remains unsettled; see footnotes below.",https://www.icj-cij.org/case/95/advisory-opinions
fn-81,"Article 2(4) prohibits ""the threat or use of force against the territorial integrity or political independence of any state, or in any other manner inconsistent with the Purposes of the United Nations."" UN Charter art. 2(4). The provision covers both the *threat* of force and its *use*; a Digital act that credibly signals a threat may therefore independently engage Article 2(4) without any force actually being applied. The UN Charter does not define ""use of force,"" and no universally accepted definition exists under international law. U.N. Doc. A/75/816 (18 March 2021), p. 20\.",
fn-82,"It is broadly accepted that a Digital act causing death or injury to persons, or physical damage to or destruction of objects, will in most circumstances constitute a use of force under Article 2(4), regardless of the means by which those consequences were produced. Michael N. Schmitt, ed., *Tallinn Manual 2.0 on the International Law Applicable to Cyber Operations* (Cambridge University Press, 2017), Rule 69 (“A cyber operation constitutes a use of force when its scale and effects are comparable to non-cyber operations rising to the level of a use of force”). This approach is reflected in the national positions of numerous States. *Use of Force*, Cyber Law Toolkit, [https://cyberlaw.ccdcoe.org/wiki/Use\_of\_force](https://cyberlaw.ccdcoe.org/wiki/Use_of_force).",https://cyberlaw.ccdcoe.org/wiki/Use\_of\_force
fn-83,"The UN Charter does not define ""use of force,"" and no authoritative or universally accepted definition exists under international law. U.N. Doc. A/75/816 (18 March 2021), p. 20\. Given the absence of a universal standard, many States and scholars have approached the question by focusing on the *effects* of a given operation rather than the means by which it is carried out. The ICJ in *Nicaragua* applied ""scale and effects"" as the criterion for determining whether particular conduct rises to the level of an armed attack under Article 51, characterizing armed attacks as ""the most grave form of the use of force"" and distinguishing armed attacks from lesser uses of force falling within Article 2(4)'s prohibition. *Military and Paramilitary Activities in and against Nicaragua (Nicaragua v. United States)*, Merits, Judgment, *I.C.J. Reports* 1986, 27 June 1986, 14\. Although *Nicaragua*'s scale and effects language was articulated in the Article 51 context, it has been widely extended to the lower Article 2(4) threshold by analogy: if scale and effects delimit the upper boundary between a use of force and an armed attack, they should equally govern where conduct crosses the lower boundary from lawful activity into prohibited force.",
fn-84,"See United Nations General Assembly, *Developments in the Field of Information and Telecommunications in the Context of International Security*, U.N. Doc. A/RES/68/243, 27 December 2013, (adopting the 2012–2013 Report of the Group of Governmental Experts affirming that international law applies to cyberspace); UN General Assembly, Report of the Group of Governmental Experts on Advancing Responsible State Behaviour in Cyberspace in the Context of International Security, U.N. Doc. A/76/135 (14 July 2021), (affirming that international law, sovereignty, and the UN Charter apply in cyberspace).",
fn-85,"The 2015 U.N. Group of Governmental Experts identified 11 voluntary norms of responsible State behavior in Cyberspace: (a) States should cooperate to enhance ICT security and prevent harmful practices; (b) States should consider all relevant information when assessing ICT incidents; (c) States should not knowingly allow their territory to be used for internationally wrongful ICT acts; (d) States should cooperate to address criminal and terrorist ICT use; (e) States should respect human rights, including freedom of expression and privacy, in the use of ICTs; (f) States should not conduct or support ICT activity that intentionally damages critical infrastructure or disrupts essential public services; (g) States should take measures to protect their critical infrastructure from ICT threats; (h) States should assist other States in responding to malicious ICT activity affecting critical infrastructure; (i) States should promote supply chain integrity and prevent the proliferation of malicious ICT tools; (j) States should encourage responsible reporting of ICT vulnerabilities and available remedies to such vulnerabilities; and (k) States should not target or misuse computer emergency response teams. See United Nations General Assembly, *Group of Governmental Experts on Developments in the Field of Information and Telecommunications in the Context of International Security: Note by the Secretary-General*, U.N. Doc. A/70/174, 22 July 2015, 7–8, ¶ 13, [https://digitallibrary.un.org/record/799853?ln=en\&v=pdf](https://digitallibrary.un.org/record/799853?ln=en&v=pdf).",https://digitallibrary.un.org/record/799853?ln=en\&v=pdf
fn-86,"The prohibition on the use of force constitutes both a treaty obligation under Article 2(4) of the UN Charter and a norm of customary international law, the two being generally understood as coextensive in content. In *Nicaragua*, the ICJ applied the customary law prohibition rather than Article 2(4) directly, having been precluded from treaty jurisdiction by the United States' multilateral treaty reservation, while expressly recognising that the customary rule ran parallel to the Charter provision: *Military and Paramilitary Activities in and against Nicaragua (Nicaragua v. United States)*, Merits, Judgment, 27 June 1986, I.C.J. Reports 1986, 14, para. 178\.",
fn-87,"No authoritative or universally accepted definition of ""use of force"" exists under international law, and the UN Charter does not define the term. U.N. Doc. A/75/816 (18 March 2021), p. 20\. In the absence of a universal standard, the scale and effects criterion, drawn by analogy from the ICJ's reasoning in *Nicaragua*, para. 195, has emerged as the prevailing approach among States and scholars. The Tallinn Manual 2.0 applies it directly: ""A cyber operation constitutes a use of force when its scale and effects are comparable to non-cyber operations rising to the level of a use of force."" Rule 69\. Although *Nicaragua*'s scale and effects language was articulated in the Article 51 armed attack context, it has been widely extended to the lower Article 2(4) threshold by analogy: if scale and effects delimit the upper boundary between a use of force and an armed attack, they should equally govern where conduct crosses the lower boundary from lawful activity into prohibited force. Schmitt, ""International Law in Cyberspace: The Koh Speech and Tallinn Manual Juxtaposed,"" *Harvard International Law Journal Online* 54 (2012), p. 13\. This approach is reflected in numerous State positions. Cyber Law Toolkit, *Use of Force*, [https://cyberlaw.ccdcoe.org/wiki/Use\_of\_force](https://cyberlaw.ccdcoe.org/wiki/Use_of_force); U.N. Doc. A/76/136 (2021). The OEWG Final Report stopped short of endorsing scale and effects as the applicable standard, acknowledging divergent State views on the use-of-force threshold and illustrating that the position represents a strong but not yet settled trend in State practice rather than established customary international law. U.N. Doc. A/75/816 (18 March 2021), p. 20\.",https://cyberlaw.ccdcoe.org/wiki/Use\_of\_force
fn-88,"“Scale and effects” does not operate as a binary test but requires holistic evaluation of the Digital act in light of all circumstances. The Tallinn Manual 2.0, Rule 69 commentary, identifies eight non-exclusive factors relevant to that assessment: (1) *severity*, which has consistently been identified as the foremost consideration, particularly where physical damage, destruction, injury, or death results; (2) *immediacy* of consequences; (3) *directness* of the causal link between the operation and its effects; (4) *invasiveness*; (5) *measurability of effects*; (6) *military character* of the operation; (7) *degree of State involvement*; and (8) *presumptive legality* under international law. Additional contextual considerations, including the prevailing political environment, whether the operation portends imminent kinetic action, the identity and prior conduct of the attacker, and the nature of the target, may further bear on the assessment.",
fn-89,"See *Legality of the Threat or Use of Nuclear Weapons*, Advisory Opinion, July 8, 1996, *I.C.J. Reports* 1996, 226, 244, ¶ 39, [https://www.icj-cij.org/case/95/advisory-opinions](https://www.icj-cij.org/case/95/advisory-opinions?utm_source=chatgpt.com) (providing that Articles 2(4) and 51 “do not refer to specific weapons” and “apply to any use of force, regardless of the weapons employed”).",https://www.icj-cij.org/case/95/advisory-opinions
fn-90,"The conduct of non-State actors is attributable to a State for purposes of State responsibility only where that State directed or exercised effective control over the specific conduct constituting the internationally wrongful act; control over the group or organisation generally is insufficient. Nicaragua v. United States, I.C.J. Reports 1986, 14, paras. 109, 115\. This standard was reaffirmed in Application of the Convention on the Prevention and Punishment of the Crime of Genocide (Bosnia and Herzegovina v. Serbia and Montenegro), Judgment, 26 February 2007, I.C.J. Reports 2007, 43, paras. 398–406, and codified in Article 8 of the ILC's Articles on the Responsibility of States for Internationally Wrongful Acts (ARSIWA), U.N. Doc. A/56/10 (2001).",
fn-91,"The requirement that effective control extend to the specific conduct in question, rather than the non-State actor generally, has significant implications in the Digital context, where a State may provide general technical assistance, infrastructure, or sanctuary to a group conducting Digital acts without directing any particular operation. In such circumstances, the conduct of the group will not be attributable to the State under ARSIWA art. 8, though the State may incur separate responsibility under ARSIWA art. 16 for aiding or assisting an internationally wrongful act where it does so with knowledge of the circumstances: ILC Commentary to ARSIWA art. 16; Tallinn Manual 2.0, Rule 17\.",
fn-92,"The ICTY Appeals Chamber in Prosecutor v. Tadić articulated a lower overall control threshold for the distinct purpose of classifying an Armed Conflict as international in character. Case No. IT-94-1-A, Judgment, 15 July 1999, para. 131\. The ICJ in Bosnia Genocide expressly declined to apply this standard for purposes of State responsibility, confining its application to conflict classification and reaffirming effective control as the sole applicable attribution standard. Bosnia Genocide, paras. 404–406.",
fn-93,"ICRC, *International Humanitarian Law and the Challenges of Contemporary Armed Conflicts,* 2023, 43-50; Tallinn Manual 2.0, Rules 82-83.",
fn-94,"Additional Protocol I, art. 51(3) (revolving-door principle establishes that civilian protection is lost only during direct participation, not permanently).",
fn-95,"Military and Paramilitary Activities in and against Nicaragua (Nicaragua v. United States) *Merits, Judgment*, 1986 I.C.J. 14, paras. 202–205.",
fn-96,*Id.*,
fn-97,"U.N. Doc. A/76/135, ¶ 71(c) ('International humanitarian law applies to the use of ICTs by States in the context of armed conflict').",
fn-98,"Additional Protocol I (API), art. 36 (States must review new means and methods of warfare to ensure compliance with IHL). Geneva Conventions I–IV, Common Arts. 1 (obligation to respect and ensure respect for IHL 'in all circumstances').",
fn-99,"Customary International Humanitarian Law (Jean-Marie Henckaerts and Louise Doswald-Beck eds., ICRC/Cambridge University Press, 2005), Rules 1 (distinction), 14 (proportionality), 15–24 (precautions), 70 (unnecessary suffering). See also API, arts. 48, 51–57.",
fn-100,"UNGA *Report of the Group of Governmental Experts on Advancing Responsible State Behaviour in Cyberspace in the Context of International Security*, U.N. Doc. A/76/135, 14 July 2021, 17\.",
fn-101,"API, art. 48 (obligation to distinguish at all times between civilian population and combatants, and between civilian objects and military objectives). API, art. 52(2) (defining military objectives as objects that by nature, location, purpose, or use make an effective contribution to military action and whose destruction offers a definite military advantage). Tallinn Manual 2.0, Rule 100 ('Cyber infrastructure is a civilian object unless it constitutes a military objective').",
fn-102,"Language inspired by International Committee of the Red Cross (ICRC), *Eight Rules for ‘Civilian Hackers’ during War, and Four Obligations for States to Restrain Them*, October 4, 2023, Rule 4\. [https://www.icrc.org/en/article/8-rules-civilian-hackers-during-war-and-4-obligations-states-restrain-them](https://www.icrc.org/en/article/8-rules-civilian-hackers-during-war-and-4-obligations-states-restrain-them). API, arts. 12–13 (protection of medical units); Geneva Convention IV, arts. 18–19 (civilian hospitals may not be attacked); API, art. 51(3) (civilian population protected against attack).",https://www.icrc.org/en/article/8-rules-civilian-hackers-during-war-and-4-obligations-states-restrain-them
fn-103,"API, art. 54(2) ('It is prohibited to attack, destroy, remove or render useless objects indispensable to the survival of the civilian population').",
fn-104,"API, art. 56 (special protection for dams, dykes, and nuclear electrical generating stations; attacks prohibited when they would release dangerous forces causing severe losses among the civilian population, even where military objectives).",
fn-105,"Protocol Additional to the Geneva Conventions of 12 August 1949 (Protocol I), arts. 48, 51, 52, 54; ICRC, *Avoiding Civilian Harm from Military Cyber Operations during Armed Conflicts* (2021); ICRC, *International Humanitarian Law and the Challenges of Contemporary Armed Conflicts* (2023); Tallinn Manual 2.0, rules 92–95.",
fn-106,"ICCPR, art. 2(1) (obligation to respect and ensure rights to all individuals within territory and subject to jurisdiction). OHCHR, International Legal Protection of Human Rights in Armed Conflict (2011), pp. 7–8. ICCPR, art. 4 (some rights (e.g., right to life, freedom from torture) cannot be derogated even in public emergencies).",
fn-107,"International Covenant on Civil and Political Rights (1966), arts. 17, 19, 21, 22; Human Rights Council, U.N. Docs. A/HRC/20/L.13 (2012) and A/HRC/32/L.20 (2016); Human Rights Committee, General Comments No. 16 (1988), No. 34 (2011), and No. 37 (2020); U.N. General Assembly, U.N. Docs. A/RES/68/167 (2013) and A/RES/73/179 (2018); Special Rapporteur on Freedom of Expression, U.N. Doc. A/HRC/23/40 (2013).",
